{
  "dim_r": 659,
  "expected_n_layers": 28,
  "counter_results": [
    {
      "text": "The quick brown fox jumps over the lazy dog.",
      "values_by_layer": [
        0.78125,
        0.1806640625,
        0.62890625,
        0.79296875,
        0.97265625,
        0.439453125,
        0.7421875,
        0.75,
        0.72265625,
        0.73046875,
        1.2265625,
        1.3984375,
        1.203125,
        1.5,
        1.453125,
        1.5859375,
        1.34375,
        2.28125,
        2.515625,
        3.1875,
        4.0625,
        3.40625,
        4.34375,
        4.71875,
        5.125,
        6.90625,
        8.1875,
        9.625
      ],
      "final_value": 9.625,
      "slope": 0.25896732390873006,
      "intercept": -0.9670758928571429,
      "r_squared": 0.7468547892516151
    },
    {
      "text": "In the beginning was the Word, and the Word was wi...",
      "values_by_layer": [
        0.890625,
        0.453125,
        0.7109375,
        0.87890625,
        0.8671875,
        0.5234375,
        0.703125,
        0.5625,
        0.80078125,
        0.43359375,
        0.474609375,
        0.28125,
        0.44140625,
        0.62890625,
        0.9921875,
        0.86328125,
        0.99609375,
        1.40625,
        1.9140625,
        2.4375,
        3.09375,
        3.125,
        5.03125,
        4.71875,
        6.03125,
        7.4375,
        8.8125,
        10.5625
      ],
      "final_value": 10.5625,
      "slope": 0.27234120569923365,
      "intercept": -1.3168825046182266,
      "r_squared": 0.6389922635764977
    },
    {
      "text": "def fibonacci(n):\n    if n <= 1:\n        return n\n...",
      "values_by_layer": [
        0.8125,
        1.203125,
        1.421875,
        1.5625,
        1.2578125,
        1.203125,
        1.0390625,
        1.09375,
        0.86328125,
        0.76171875,
        0.6953125,
        0.8515625,
        0.66015625,
        0.96875,
        0.75390625,
        0.92578125,
        1.0390625,
        1.265625,
        2.109375,
        1.6953125,
        2.03125,
        1.8359375,
        2.421875,
        3.234375,
        5.21875,
        5.5,
        5.78125,
        8.5
      ],
      "final_value": 8.5,
      "slope": 0.16469643712370002,
      "intercept": -0.19815078509852213,
      "r_squared": 0.49881104163095685
    },
    {
      "text": "How many layers does this model have?",
      "values_by_layer": [
        1.09375,
        0.1435546875,
        0.51171875,
        0.75,
        0.96875,
        0.5234375,
        0.5859375,
        0.75390625,
        0.59375,
        0.24609375,
        0.7578125,
        0.76171875,
        1.1953125,
        1.1484375,
        1.0,
        1.609375,
        1.65625,
        1.421875,
        2.3125,
        2.578125,
        3.078125,
        3.109375,
        4.125,
        3.859375,
        4.25,
        4.34375,
        5.90625,
        7.21875
      ],
      "final_value": 7.21875,
      "slope": 0.19319501103243017,
      "intercept": -0.5901708743842367,
      "r_squared": 0.759476110525451
    },
    {
      "text": "1 2 3 4 5 6 7 8 9 10",
      "values_by_layer": [
        0.94921875,
        0.7578125,
        1.2578125,
        1.3671875,
        0.94921875,
        0.69140625,
        0.70703125,
        1.0625,
        0.671875,
        0.5546875,
        1.4375,
        0.796875,
        1.3125,
        1.765625,
        1.6796875,
        1.7890625,
        1.7109375,
        2.171875,
        1.7890625,
        1.9765625,
        2.5,
        3.65625,
        5.59375,
        5.625,
        6.03125,
        7.03125,
        8.625,
        10.0625
      ],
      "final_value": 10.0625,
      "slope": 0.2586463464696222,
      "intercept": -0.8301743380541878,
      "r_squared": 0.6690932550575819
    },
    {
      "text": " ",
      "values_by_layer": [
        1.0078125,
        -12.0625,
        -10.3125,
        -8.375,
        -7.0,
        -7.03125,
        -5.25,
        -3.90625,
        -3.078125,
        -2.40625,
        -1.1015625,
        -0.318359375,
        0.53515625,
        1.8671875,
        2.828125,
        3.953125,
        4.8125,
        5.90625,
        6.96875,
        7.75,
        9.0,
        9.375,
        10.4375,
        11.5,
        9.5625,
        9.625,
        19.5,
        12.75
      ],
      "final_value": 12.75,
      "slope": 0.8939202971059109,
      "intercept": -9.691598676108374,
      "r_squared": 0.8827929690840198
    },
    {
      "text": "AAAAAAAAAAAAAAAAAAAAAAAAAAAAAAAAAAAAAAAAAAAAAAAAAA...",
      "values_by_layer": [
        1.5390625,
        -8.5625,
        -6.875,
        -4.96875,
        -3.609375,
        -3.609375,
        -1.9140625,
        -0.59765625,
        0.234375,
        0.88671875,
        2.171875,
        2.96875,
        3.8125,
        5.125,
        6.125,
        7.21875,
        8.0625,
        9.1875,
        10.3125,
        11.0625,
        12.3125,
        12.8125,
        13.9375,
        15.0,
        14.125,
        14.1875,
        19.125,
        16.75
      ],
      "final_value": 16.75,
      "slope": 0.9082191605090311,
      "intercept": -6.6602332204433505,
      "r_squared": 0.9392550655952543
    },
    {
      "text": "The transformer architecture was introduced in the...",
      "values_by_layer": [
        0.81640625,
        0.478515625,
        0.69140625,
        1.140625,
        1.2109375,
        1.0625,
        1.21875,
        1.1171875,
        0.8671875,
        0.859375,
        0.86328125,
        0.95703125,
        0.9453125,
        1.171875,
        1.203125,
        1.265625,
        1.1796875,
        1.25,
        1.5625,
        1.90625,
        2.78125,
        2.953125,
        3.84375,
        3.84375,
        4.34375,
        4.34375,
        6.03125,
        6.9375
      ],
      "final_value": 6.9375,
      "slope": 0.17046547875615758,
      "intercept": -0.2710802801724137,
      "r_squared": 0.6776973956948547
    }
  ],
  "input_invariance": {
    "final_value_mean": 10.30078125,
    "final_value_std": 3.0047138056245783,
    "final_value_min": 6.9375,
    "final_value_max": 16.75,
    "slope_mean": 0.39005640757560195,
    "slope_std": 0.29758254741757145,
    "expected_final": 28,
    "relative_error_mean": 0.6321149553571429
  },
  "perplexity": {
    "original": 9.350332260131836,
    "modified": 8.297689437866211,
    "absolute_increase": -1.052642822265625,
    "relative_increase": -0.11257811947003295
  },
  "generation": {
    "original": "The meaning of life is a question that has puzzled philosophers, scientists and ordinary people for centuries. It's an abstract concept that can be difficult to define or understand.\nHowever, there are some common themes that many people believe contribute to the meaning of life:\n1) Purpose: Many people believe that their lives have a purpose beyond just existing. They may feel like they were born with a mission or calling in life that gives them direction and meaning.\n2) Relationships: Some peo",
    "modified": "The meaning of life is to be happy. This is a statement that has been made by many people, and it seems like the only way to live a good life is to be happy.\nBut what does happiness mean? Is it just being in a state where you are not sad or angry? Or is there more to it than that?\nHappiness can be defined as a feeling of contentment and satisfaction with one's life. It is often associated with positive emotions such as joy, pleasure, and well-being. However,"
  }
}