{
  "dimension_comparison": {
    "dim_r": 659,
    "dim_r_importance_rank": 1117,
    "dim_r_importance_value": 0.0006059767329134047,
    "in_top_20": false,
    "top_probe_dims": [
      609,
      1421,
      553,
      408,
      865,
      1073,
      520,
      1173,
      1222,
      940
    ]
  },
  "representation_comparison": {
    "dim_r_natural": [
      0.1035970076918602,
      -0.90234375,
      -0.94921875,
      -0.875,
      -0.7291666865348816,
      -0.8528645634651184,
      -0.8372395634651184,
      -0.92578125,
      -1.02734375,
      -0.8919270634651184,
      -0.6236979365348816,
      -0.5729166865348816,
      -0.5651041865348816,
      -0.65234375,
      -0.90234375,
      -1.0,
      -1.0598958730697632,
      -0.8776041865348816,
      -0.7421875,
      -0.5696614384651184,
      -0.50390625,
      -0.6705729365348816,
      -0.3828125,
      -0.4348958432674408,
      -0.8033854365348816,
      -0.5006510615348816,
      -0.0794270858168602,
      -0.2942708432674408
    ],
    "dim_r_modified": [
      0.9973958134651184,
      0.5846354365348816,
      0.8072916865348816,
      1.03125,
      1.1744791269302368,
      1.04296875,
      0.8854166865348816,
      0.7955729365348816,
      0.63671875,
      0.8333333134651184,
      1.1627603769302368,
      1.23046875,
      1.2630208730697632,
      1.3776041269302368,
      1.1953125,
      1.3020833730697632,
      1.3776041269302368,
      1.6901041269302368,
      2.1536457538604736,
      2.3958332538604736,
      2.96875,
      3.0989582538604736,
      3.8229167461395264,
      4.151041507720947,
      4.791666507720947,
      5.71875,
      7.291666507720947,
      8.635416984558105
    ],
    "cosine_similarities": [
      "0.83854616",
      "0.9998712",
      "0.9999663",
      "0.99996394",
      "0.9999626",
      "0.99996376",
      "0.9999657",
      "0.999964",
      "0.9999641",
      "0.9999634",
      "0.99996364",
      "0.99996305",
      "0.9999637",
      "0.9999625",
      "0.9999599",
      "0.9999568",
      "0.999956",
      "0.99995524",
      "0.99995095",
      "0.99994236",
      "0.9999352",
      "0.99991786",
      "0.99990094",
      "0.999875",
      "0.9998538",
      "0.999835",
      "0.9966597",
      "0.99490815"
    ],
    "l2_distances": [
      "6.0665865",
      "21.347378",
      "25.116945",
      "26.452232",
      "25.8831",
      "26.939898",
      "26.0762",
      "25.336124",
      "25.54537",
      "26.340195",
      "26.384977",
      "25.707563",
      "25.708937",
      "25.623333",
      "25.757586",
      "25.536676",
      "26.217548",
      "27.217072",
      "26.849367",
      "27.628408",
      "27.470367",
      "28.165812",
      "29.13097",
      "29.38962",
      "30.938837",
      "31.409966",
      "22.34853",
      "30.205723"
    ],
    "pc1_layer_correlation": 0.03783200163313529,
    "helix_regularity": "0.654209",
    "pca_variance_explained": [
      0.9619216322898865,
      0.02848416194319725,
      0.007617691997438669,
      0.0007324813632294536,
      0.0006264307303354144,
      0.0002084578009089455
    ],
    "natural_pca_components": [
      [
        922.7413330078125,
        -128.5547637939453,
        -42.51530075073242,
        -2.6024224758148193,
        18.499876022338867,
        10.972956657409668
      ],
      [
        445.17572021484375,
        -104.16516876220703,
        -16.55766487121582,
        30.45435905456543,
        -17.585115432739258,
        -9.001049995422363
      ],
      [
        -84.30593872070312,
        -39.153743743896484,
        7.21394681930542,
        5.149752616882324,
        -11.950430870056152,
        3.7327046394348145
      ],
      [
        -103.1982192993164,
        -32.7045783996582,
        7.378259181976318,
        -0.0593714602291584,
        -8.880928039550781,
        5.336791515350342
      ],
      [
        -115.20830535888672,
        -28.464223861694336,
        7.384113311767578,
        -3.3653342723846436,
        -8.604767799377441,
        4.787330150604248
      ],
      [
        -127.70357513427734,
        -25.94133186340332,
        7.726109027862549,
        -6.287094593048096,
        -5.823824405670166,
        5.032464027404785
      ],
      [
        -128.11026000976562,
        -23.224672317504883,
        7.088064193725586,
        -6.792344570159912,
        -5.86799430847168,
        3.9405677318573
      ],
      [
        -128.729736328125,
        -22.338451385498047,
        6.866959571838379,
        -6.721542835235596,
        -5.0162200927734375,
        2.097376823425293
      ],
      [
        -128.9331817626953,
        -21.669055938720703,
        6.796024799346924,
        -6.575912952423096,
        -4.10507869720459,
        1.397453784942627
      ],
      [
        -129.92825317382812,
        -18.60669708251953,
        6.250899791717529,
        -7.395223140716553,
        -3.88507342338562,
        -0.5960562229156494
      ],
      [
        -130.46026611328125,
        -15.351256370544434,
        5.7457098960876465,
        -7.807157516479492,
        -3.884725332260132,
        -1.6436502933502197
      ],
      [
        -130.16644287109375,
        -15.766725540161133,
        5.351402282714844,
        -6.239475727081299,
        -1.3592050075531006,
        -1.5734541416168213
      ],
      [
        -129.7647247314453,
        -18.161054611206055,
        5.62504768371582,
        -4.618589401245117,
        0.6237313151359558,
        -1.0447243452072144
      ],
      [
        -130.44210815429688,
        -15.836075782775879,
        5.0363006591796875,
        -4.601298809051514,
        1.5662921667099,
        -2.8077495098114014
      ],
      [
        -130.9749298095703,
        -12.156003952026367,
        4.108759880065918,
        -5.158589839935303,
        1.2480138540267944,
        -4.160763263702393
      ],
      [
        -130.3485565185547,
        -11.712188720703125,
        3.828932762145996,
        -3.993412733078003,
        2.9279754161834717,
        -3.8957765102386475
      ],
      [
        -129.63914489746094,
        -11.365723609924316,
        3.496534585952759,
        -2.979569673538208,
        4.5040602684021,
        -3.6281723976135254
      ],
      [
        -128.7841339111328,
        -9.44511604309082,
        2.774529457092285,
        -0.9597933292388916,
        6.472213268280029,
        -3.523775100708008
      ],
      [
        -129.87884521484375,
        -4.636183738708496,
        1.191454291343689,
        0.1577034592628479,
        8.259485244750977,
        -5.22476863861084
      ],
      [
        -130.52793884277344,
        3.1016037464141846,
        -0.9331203103065491,
        1.7708817720413208,
        8.95337963104248,
        -5.064298629760742
      ],
      [
        -131.6552276611328,
        7.633166790008545,
        -1.9584461450576782,
        3.4692060947418213,
        9.595062255859375,
        -4.652037143707275
      ],
      [
        -134.59347534179688,
        21.58565330505371,
        -7.843470096588135,
        7.721078872680664,
        11.840078353881836,
        -2.1757988929748535
      ],
      [
        -138.3618927001953,
        38.61968994140625,
        -10.29313850402832,
        10.034395217895508,
        11.251144409179688,
        -0.18075458705425262
      ],
      [
        -143.50332641601562,
        63.34062957763672,
        -15.87138557434082,
        10.22293758392334,
        8.204700469970703,
        4.175295352935791
      ],
      [
        -147.47918701171875,
        91.39891815185547,
        -21.814773559570312,
        12.739891052246094,
        -0.31179505586624146,
        6.811409950256348
      ],
      [
        -156.02578735351562,
        127.25335693359375,
        -24.90765380859375,
        9.10811710357666,
        -8.028717994689941,
        7.505655765533447
      ],
      [
        846.3057861328125,
        121.27165985107422,
